{
	"OSHAWA": {
		"geo": "43.897093,-78.865791,25km",
		"delay": 9,
		"rpp": 40
	},
	"TORONTO": {
		"geo": "43.653226,-79.383184,50km",
		"delay": 3,
		"rpp": 100
	}
}
